ID PUMA,PUMA,ID Year,Year,ID Workforce Status,Workforce Status,Average Wage,Slug PUMA,Temp,Growth
"79500US7200100","Aguadilla, Aguada & Moca PUMA, PR",2022,"2022","true","true",25236.07096757198,"aguadilla-aguada-moca-puma-pr",23058.972622763988,9.44143687762891
"79500US7200200","Mayagüez, Añasco & Hormigueros PUMA, PR",2022,"2022","true","true",25500.49276666881,"mayaguez-anasco-hormigueros-puma-pr",23667.97070215132,7.742624357528547
"79500US7200300","Cabo Rojo, San Germán & Lajas PUMA, PR",2022,"2022","true","true",25193.70007273284,"cabo-rojo-san-german-lajas-puma-pr",23034.585831608467,9.373358205388698
"79500US7200400","Yauco, Sabana Grande & Peñuelas PUMA, PR",2022,"2022","true","true",22427.27740905959,"yauco-sabana-grande-penuelas-puma-pr",20761.0457577866,8.025759736346878
"79500US7200500","Ponce PUMA, PR",2022,"2022","true","true",28662.438579929054,"ponce-puma-pr",26206.181086465665,9.372817372203603
"79500US7200600","Juana Díaz, Coamo & Villalba PUMA, PR",2022,"2022","true","true",25075.13940215856,"juana-diaz-coamo-villalba-puma-pr",23260.061443066515,7.803409993283104
"79500US7200700","Guayama, Salinas & Patillas PUMA, PR",2022,"2022","true","true",25152.56160024834,"guayama-salinas-patillas-puma-pr",23118.569023699623,8.798090290379143
"79500US7200800","Humacao, Fajardo & Islas Municipios PUMA, PR",2022,"2022","true","true",27739.760944070393,"humacao-fajardo-islas-municipios-puma-pr",24854.46555472264,11.608760538403583
"79500US7200900","Río Grande, Canóvanas & Loíza PUMA, PR",2022,"2022","true","true",27540.204073377907,"rio-grande-canovanas-loiza-puma-pr",24632.231504015577,11.805558781340084
"79500US7201000","Carolina PUMA, PR",2022,"2022","true","true",33854.02690175575,"carolina-puma-pr",32406.056754071935,4.46820839287049
"79500US7201101","San Juan Norte PUMA, PR",2022,"2022","true","true",41880.41418037209,"san-juan-norte-puma-pr",37945.909281370135,10.36871951025729
"79500US7201102","San Juan Sur PUMA, PR",2022,"2022","true","true",38906.091497118665,"san-juan-sur-puma-pr",37966.751314289606,2.4741126125150403
"79500US7201200","Guaynabo & Cataño PUMA, PR",2022,"2022","true","true",45081.39175413807,"guaynabo-catano-puma-pr",40876.15088165788,10.287761400663552
"79500US7201300","Bayamón PUMA, PR",2022,"2022","true","true",31224.625584190144,"bayamon-puma-pr",29314.242372657256,6.516911429083326
"79500US7201400","Toa Baja & Dorado PUMA, PR",2022,"2022","true","true",34043.07865996473,"toa-baja-dorado-puma-pr",30847.95211575357,10.357661773532968
"79500US7201500","Toa Alta, Corozal & Naranjito PUMA, PR",2022,"2022","true","true",28090.086986591705,"toa-alta-corozal-naranjito-puma-pr",25866.050909791942,8.59828229889482
"79500US7201600","Vega Baja, Vega Alta & Morovis PUMA, PR",2022,"2022","true","true",31609.85337993351,"vega-baja-vega-alta-morovis-puma-pr",26888.883415834887,17.557329886440872
"79500US7201700","Arecibo, Manatí & Barceloneta PUMA, PR",2022,"2022","true","true",26393.952639662562,"arecibo-manati-barceloneta-puma-pr",23569.376079855916,11.984095591824904
"79500US7201800","Isabela, Hatillo & Camuy PUMA, PR",2022,"2022","true","true",26278.35037051578,"isabela-hatillo-camuy-puma-pr",24003.634500078482,9.476547688767125
"79500US7201900","San Sebastián, Utuado & Lares PUMA, PR",2022,"2022","true","true",23123.82989290703,"san-sebastian-utuado-lares-puma-pr",,NaN
"79500US7202000","Cayey, Cidra & Barranquitas PUMA, PR",2022,"2022","true","true",27973.816094585876,"cayey-cidra-barranquitas-puma-pr",26895.10554053685,4.010806175953361
"79500US7202100","Caguas PUMA, PR",2022,"2022","true","true",36614.47290946786,"caguas-puma-pr",33688.72425202394,8.684652572642767
"79500US7202200","Trujillo Alto & Gurabo PUMA, PR",2022,"2022","true","true",32743.120063596267,"trujillo-alto-gurabo-puma-pr",29206.71312630096,12.108198967828162
"79500US7202300","San Lorenzo, Juncos & Las Piedras PUMA, PR",2022,"2022","true","true",32904.67300179185,"san-lorenzo-juncos-las-piedras-puma-pr",30637.03579561174,7.401620774634191
"79500US7200100","Aguadilla, Aguada & Moca PUMA, PR",2021,"2021","true","true",23058.972622763988,"aguadilla-aguada-moca-puma-pr",21905.074537085467,5.267720425808008
"79500US7200200","Mayagüez, Añasco & Hormigueros PUMA, PR",2021,"2021","true","true",23667.97070215132,"mayaguez-anasco-hormigueros-puma-pr",23320.1936013454,1.4913130943555146
"79500US7200300","Cabo Rojo, San Germán & Lajas PUMA, PR",2021,"2021","true","true",23034.585831608467,"cabo-rojo-san-german-lajas-puma-pr",22009.84261847937,4.655840711322147
"79500US7200400","Yauco, Sabana Grande & Peñuelas PUMA, PR",2021,"2021","true","true",20761.0457577866,"yauco-sabana-grande-penuelas-puma-pr",20041.51359169609,3.5902087075331366
"79500US7200500","Ponce PUMA, PR",2021,"2021","true","true",26206.181086465665,"ponce-puma-pr",24437.343323361434,7.238257202096395
"79500US7200600","Juana Díaz, Coamo & Villalba PUMA, PR",2021,"2021","true","true",23260.061443066515,"juana-diaz-coamo-villalba-puma-pr",22631.462455436722,2.7775447073628516
"79500US7200700","Guayama, Salinas & Patillas PUMA, PR",2021,"2021","true","true",23118.569023699623,"guayama-salinas-patillas-puma-pr",21490.261542392058,7.576955162204696
"79500US7200800","Humacao, Fajardo & Islas Municipios PUMA, PR",2021,"2021","true","true",24854.46555472264,"humacao-fajardo-islas-municipios-puma-pr",23881.06028205037,4.076055506647275
"79500US7200900","Río Grande, Canóvanas & Loíza PUMA, PR",2021,"2021","true","true",24632.231504015577,"rio-grande-canovanas-loiza-puma-pr",23643.23158177424,4.18301499446347
"79500US7201000","Carolina PUMA, PR",2021,"2021","true","true",32406.056754071935,"carolina-puma-pr",30784.007638521653,5.269129135481784
"79500US7201101","San Juan Norte PUMA, PR",2021,"2021","true","true",37945.909281370135,"san-juan-norte-puma-pr",36336.72210617748,4.428542482424631
"79500US7201102","San Juan Sur PUMA, PR",2021,"2021","true","true",37966.751314289606,"san-juan-sur-puma-pr",38340.75180844907,-0.9754646857943181
"79500US7201200","Guaynabo & Cataño PUMA, PR",2021,"2021","true","true",40876.15088165788,"guaynabo-catano-puma-pr",39700.45480650175,2.961417144681132
"79500US7201300","Bayamón PUMA, PR",2021,"2021","true","true",29314.242372657256,"bayamon-puma-pr",28223.449228100606,3.864847048781708
"79500US7201400","Toa Baja & Dorado PUMA, PR",2021,"2021","true","true",30847.95211575357,"toa-baja-dorado-puma-pr",29649.122594319626,4.0433895391684365
"79500US7201500","Toa Alta, Corozal & Naranjito PUMA, PR",2021,"2021","true","true",25866.050909791942,"toa-alta-corozal-naranjito-puma-pr",25362.6913249694,1.9846457868885041
"79500US7201600","Vega Baja, Vega Alta & Morovis PUMA, PR",2021,"2021","true","true",26888.883415834887,"vega-baja-vega-alta-morovis-puma-pr",25487.77358802158,5.49718406346713
"79500US7201700","Arecibo, Manatí & Barceloneta PUMA, PR",2021,"2021","true","true",23569.376079855916,"arecibo-manati-barceloneta-puma-pr",22094.17045417916,6.676899812718331
"79500US7201800","Isabela, Hatillo & Camuy PUMA, PR",2021,"2021","true","true",24003.634500078482,"isabela-hatillo-camuy-puma-pr",22835.636159064405,5.114805354570562
"79500US7202000","Cayey, Cidra & Barranquitas PUMA, PR",2021,"2021","true","true",26895.10554053685,"cayey-cidra-barranquitas-puma-pr",25754.844455622624,4.427365449164231
"79500US7202100","Caguas PUMA, PR",2021,"2021","true","true",33688.72425202394,"caguas-puma-pr",31866.681302284625,5.717705375265056
"79500US7202200","Trujillo Alto & Gurabo PUMA, PR",2021,"2021","true","true",29206.71312630096,"trujillo-alto-gurabo-puma-pr",27892.00233406892,4.713576230510273
"79500US7202300","San Lorenzo, Juncos & Las Piedras PUMA, PR",2021,"2021","true","true",30637.03579561174,"san-lorenzo-juncos-las-piedras-puma-pr",28704.366572051502,6.733014709483314
"79500US7200100","Aguadilla, Aguada & Moca PUMA, PR",2020,"2020","true","true",21905.074537085467,"aguadilla-aguada-moca-puma-pr",21184.545689343457,3.401200376482283
"79500US7200200","Mayagüez, Añasco & Hormigueros PUMA, PR",2020,"2020","true","true",23320.1936013454,"mayaguez-anasco-hormigueros-puma-pr",22336.485244199514,4.404042741690266
"79500US7200300","Cabo Rojo, San Germán & Lajas PUMA, PR",2020,"2020","true","true",22009.84261847937,"cabo-rojo-san-german-lajas-puma-pr",21983.090423650894,0.12169442199853617
"79500US7200400","Yauco, Sabana Grande & Peñuelas PUMA, PR",2020,"2020","true","true",20041.51359169609,"yauco-sabana-grande-penuelas-puma-pr",20236.19063760405,-0.9620241743828988
"79500US7200500","Ponce PUMA, PR",2020,"2020","true","true",24437.343323361434,"ponce-puma-pr",23661.646686629345,3.278286786229539
"79500US7200600","Juana Díaz, Coamo & Villalba PUMA, PR",2020,"2020","true","true",22631.462455436722,"juana-diaz-coamo-villalba-puma-pr",23179.76792442376,-2.3654484841036973
"79500US7200700","Guayama, Salinas & Patillas PUMA, PR",2020,"2020","true","true",21490.261542392058,"guayama-salinas-patillas-puma-pr",21533.030205487143,-0.1986188784715784
"79500US7200800","Humacao, Fajardo & Islas Municipios PUMA, PR",2020,"2020","true","true",23881.06028205037,"humacao-fajardo-islas-municipios-puma-pr",22893.280359444365,4.314715528299148
"79500US7200900","Río Grande, Canóvanas & Loíza PUMA, PR",2020,"2020","true","true",23643.23158177424,"rio-grande-canovanas-loiza-puma-pr",23454.243695766116,0.805772671502676
"79500US7201000","Carolina PUMA, PR",2020,"2020","true","true",30784.007638521653,"carolina-puma-pr",30111.451916702415,2.2335546079934443
"79500US7201101","San Juan Norte PUMA, PR",2020,"2020","true","true",36336.72210617748,"san-juan-norte-puma-pr",35094.01911636227,3.5410677406162674
"79500US7201102","San Juan Sur PUMA, PR",2020,"2020","true","true",38340.75180844907,"san-juan-sur-puma-pr",37766.620446306006,1.5202084681083072
"79500US7201200","Guaynabo & Cataño PUMA, PR",2020,"2020","true","true",39700.45480650175,"guaynabo-catano-puma-pr",39602.37706630454,0.247656195063748
"79500US7201300","Bayamón PUMA, PR",2020,"2020","true","true",28223.449228100606,"bayamon-puma-pr",27106.907074761664,4.119031914115044
"79500US7201400","Toa Baja & Dorado PUMA, PR",2020,"2020","true","true",29649.122594319626,"toa-baja-dorado-puma-pr",28821.816451793722,2.87041638721704
"79500US7201500","Toa Alta, Corozal & Naranjito PUMA, PR",2020,"2020","true","true",25362.6913249694,"toa-alta-corozal-naranjito-puma-pr",25316.764229023192,0.18140981813764873
"79500US7201600","Vega Baja, Vega Alta & Morovis PUMA, PR",2020,"2020","true","true",25487.77358802158,"vega-baja-vega-alta-morovis-puma-pr",24696.194859734587,3.2052659641814167
"79500US7201700","Arecibo, Manatí & Barceloneta PUMA, PR",2020,"2020","true","true",22094.17045417916,"arecibo-manati-barceloneta-puma-pr",21693.57155388064,1.8466249289728323
"79500US7201800","Isabela, Hatillo & Camuy PUMA, PR",2020,"2020","true","true",22835.636159064405,"isabela-hatillo-camuy-puma-pr",22584.271476160033,1.1130077105640204
"79500US7202000","Cayey, Cidra & Barranquitas PUMA, PR",2020,"2020","true","true",25754.844455622624,"cayey-cidra-barranquitas-puma-pr",24491.552423426456,5.158072507432459
"79500US7202100","Caguas PUMA, PR",2020,"2020","true","true",31866.681302284625,"caguas-puma-pr",31462.306924638604,1.2852661396210263
"79500US7202200","Trujillo Alto & Gurabo PUMA, PR",2020,"2020","true","true",27892.00233406892,"trujillo-alto-gurabo-puma-pr",27563.20293617021,1.1928925628132832
"79500US7202300","San Lorenzo, Juncos & Las Piedras PUMA, PR",2020,"2020","true","true",28704.366572051502,"san-lorenzo-juncos-las-piedras-puma-pr",28088.939112877782,2.190995739285745
"79500US7200100","Aguadilla, Aguada & Moca PUMA, PR",2019,"2019","true","true",21184.545689343457,"aguadilla-aguada-moca-puma-pr",20265.016087361833,4.537522191038787
"79500US7200200","Mayagüez, Añasco & Hormigueros PUMA, PR",2019,"2019","true","true",22336.485244199514,"mayaguez-anasco-hormigueros-puma-pr",22137.747832369943,0.8977309405384734
"79500US7200300","Cabo Rojo, San Germán & Lajas PUMA, PR",2019,"2019","true","true",21983.090423650894,"cabo-rojo-san-german-lajas-puma-pr",22319.84121405751,-1.508750833740351
"79500US7200400","Yauco, Sabana Grande & Peñuelas PUMA, PR",2019,"2019","true","true",20236.19063760405,"yauco-sabana-grande-penuelas-puma-pr",20223.91358127525,0.06070564077254808
"79500US7200500","Ponce PUMA, PR",2019,"2019","true","true",23661.646686629345,"ponce-puma-pr",23801.664483260553,-0.5882689285435503
"79500US7200600","Juana Díaz, Coamo & Villalba PUMA, PR",2019,"2019","true","true",23179.76792442376,"juana-diaz-coamo-villalba-puma-pr",23671.620501544712,-2.0778154038455336
"79500US7200700","Guayama, Salinas & Patillas PUMA, PR",2019,"2019","true","true",21533.030205487143,"guayama-salinas-patillas-puma-pr",20977.191880505554,2.6497270375742636
"79500US7200800","Humacao, Fajardo & Islas Municipios PUMA, PR",2019,"2019","true","true",22893.280359444365,"humacao-fajardo-islas-municipios-puma-pr",22618.504086696343,1.214829555901705
"79500US7200900","Río Grande, Canóvanas & Loíza PUMA, PR",2019,"2019","true","true",23454.243695766116,"rio-grande-canovanas-loiza-puma-pr",22667.97684162195,3.4686238636897597
"79500US7201000","Carolina PUMA, PR",2019,"2019","true","true",30111.451916702415,"carolina-puma-pr",30062.609371728744,0.16246941298317108
"79500US7201101","San Juan Norte PUMA, PR",2019,"2019","true","true",35094.01911636227,"san-juan-norte-puma-pr",32578.40207092312,7.72173245318374
"79500US7201102","San Juan Sur PUMA, PR",2019,"2019","true","true",37766.620446306006,"san-juan-sur-puma-pr",36883.323652095976,2.394840558681143
"79500US7201200","Guaynabo & Cataño PUMA, PR",2019,"2019","true","true",39602.37706630454,"guaynabo-catano-puma-pr",38192.013778250606,3.692822526308114
"79500US7201300","Bayamón PUMA, PR",2019,"2019","true","true",27106.907074761664,"bayamon-puma-pr",27010.675103186397,0.35627384805319096
"79500US7201400","Toa Baja & Dorado PUMA, PR",2019,"2019","true","true",28821.816451793722,"toa-baja-dorado-puma-pr",28287.40056991092,1.8892364484393718
"79500US7201500","Toa Alta, Corozal & Naranjito PUMA, PR",2019,"2019","true","true",25316.764229023192,"toa-alta-corozal-naranjito-puma-pr",25233.637304399635,0.3294290221452272
"79500US7201600","Vega Baja, Vega Alta & Morovis PUMA, PR",2019,"2019","true","true",24696.194859734587,"vega-baja-vega-alta-morovis-puma-pr",25037.837411886067,-1.3645050350446535
"79500US7201700","Arecibo, Manatí & Barceloneta PUMA, PR",2019,"2019","true","true",21693.57155388064,"arecibo-manati-barceloneta-puma-pr",21993.431694704457,-1.3634076981993546
"79500US7201800","Isabela, Hatillo & Camuy PUMA, PR",2019,"2019","true","true",22584.271476160033,"isabela-hatillo-camuy-puma-pr",22453.753040728094,0.5812767032539997
"79500US7202000","Cayey, Cidra & Barranquitas PUMA, PR",2019,"2019","true","true",24491.552423426456,"cayey-cidra-barranquitas-puma-pr",23692.072934803637,3.374459849177589
"79500US7202100","Caguas PUMA, PR",2019,"2019","true","true",31462.306924638604,"caguas-puma-pr",30394.252221479073,3.5140022375834454
"79500US7202200","Trujillo Alto & Gurabo PUMA, PR",2019,"2019","true","true",27563.20293617021,"trujillo-alto-gurabo-puma-pr",26252.25193195998,4.993670667217138
"79500US7202300","San Lorenzo, Juncos & Las Piedras PUMA, PR",2019,"2019","true","true",28088.939112877782,"san-lorenzo-juncos-las-piedras-puma-pr",27099.22412625878,3.6521893837542776
"79500US7200100","Aguadilla, Aguada & Moca PUMA, PR",2018,"2018","true","true",20265.016087361833,"aguadilla-aguada-moca-puma-pr",19671.80339492343,3.0155480945457662
"79500US7200200","Mayagüez, Añasco & Hormigueros PUMA, PR",2018,"2018","true","true",22137.747832369943,"mayaguez-anasco-hormigueros-puma-pr",21539.555623100303,2.7771798997937704
"79500US7200300","Cabo Rojo, San Germán & Lajas PUMA, PR",2018,"2018","true","true",22319.84121405751,"cabo-rojo-san-german-lajas-puma-pr",22082.067045454547,1.0767749600321337
"79500US7200400","Yauco, Sabana Grande & Peñuelas PUMA, PR",2018,"2018","true","true",20223.91358127525,"yauco-sabana-grande-penuelas-puma-pr",20480.537404452614,-1.253013131977544
"79500US7200500","Ponce PUMA, PR",2018,"2018","true","true",23801.664483260553,"ponce-puma-pr",23477.71540576316,1.3798151647151833
"79500US7200600","Juana Díaz, Coamo & Villalba PUMA, PR",2018,"2018","true","true",23671.620501544712,"juana-diaz-coamo-villalba-puma-pr",23012.54034351356,2.864004356724244
"79500US7200700","Guayama, Salinas & Patillas PUMA, PR",2018,"2018","true","true",20977.191880505554,"guayama-salinas-patillas-puma-pr",20950.4212537092,0.1277808520991685
"79500US7200800","Humacao, Fajardo & Islas Municipios PUMA, PR",2018,"2018","true","true",22618.504086696343,"humacao-fajardo-islas-municipios-puma-pr",22674.105141388176,-0.24521829790028576
"79500US7200900","Río Grande, Canóvanas & Loíza PUMA, PR",2018,"2018","true","true",22667.97684162195,"rio-grande-canovanas-loiza-puma-pr",22118.881400353122,2.482473825552769
"79500US7201000","Carolina PUMA, PR",2018,"2018","true","true",30062.609371728744,"carolina-puma-pr",29075.391237047694,3.3953735192499925
"79500US7201101","San Juan Norte PUMA, PR",2018,"2018","true","true",32578.40207092312,"san-juan-norte-puma-pr",31633.054834675215,2.9884791120826013
"79500US7201102","San Juan Sur PUMA, PR",2018,"2018","true","true",36883.323652095976,"san-juan-sur-puma-pr",36805.51517528304,0.21140439535319028
"79500US7201200","Guaynabo & Cataño PUMA, PR",2018,"2018","true","true",38192.013778250606,"guaynabo-catano-puma-pr",39649.82275267935,-3.676709940223455
"79500US7201300","Bayamón PUMA, PR",2018,"2018","true","true",27010.675103186397,"bayamon-puma-pr",26806.922207102125,0.7600756793716901
"79500US7201400","Toa Baja & Dorado PUMA, PR",2018,"2018","true","true",28287.40056991092,"toa-baja-dorado-puma-pr",27093.49742377563,4.40660401815674
"79500US7201500","Toa Alta, Corozal & Naranjito PUMA, PR",2018,"2018","true","true",25233.637304399635,"toa-alta-corozal-naranjito-puma-pr",25234.09306783259,-0.0018061415234096974
"79500US7201600","Vega Baja, Vega Alta & Morovis PUMA, PR",2018,"2018","true","true",25037.837411886067,"vega-baja-vega-alta-morovis-puma-pr",24275.667422372724,3.139645869472236
"79500US7201700","Arecibo, Manatí & Barceloneta PUMA, PR",2018,"2018","true","true",21993.431694704457,"arecibo-manati-barceloneta-puma-pr",22308.96022671748,-1.414357858037433
"79500US7201800","Isabela, Hatillo & Camuy PUMA, PR",2018,"2018","true","true",22453.753040728094,"isabela-hatillo-camuy-puma-pr",21623.971467323052,3.837322735367839
"79500US7202000","Cayey, Cidra & Barranquitas PUMA, PR",2018,"2018","true","true",23692.072934803637,"cayey-cidra-barranquitas-puma-pr",23694.88731211916,-0.011877572062074604
"79500US7202100","Caguas PUMA, PR",2018,"2018","true","true",30394.252221479073,"caguas-puma-pr",28902.214258779164,5.16236558673596
"79500US7202200","Trujillo Alto & Gurabo PUMA, PR",2018,"2018","true","true",26252.25193195998,"trujillo-alto-gurabo-puma-pr",25959.16875172575,1.1290160445324304
"79500US7202300","San Lorenzo, Juncos & Las Piedras PUMA, PR",2018,"2018","true","true",27099.22412625878,"san-lorenzo-juncos-las-piedras-puma-pr",26818.750122645735,1.0458131058695908
"79500US7200100","Aguadilla, Aguada & Moca PUMA, PR",2017,"2017","true","true",19671.80339492343,"aguadilla-aguada-moca-puma-pr",18842.383768161224,4.401882675607701
"79500US7200200","Mayagüez, Añasco & Hormigueros PUMA, PR",2017,"2017","true","true",21539.555623100303,"mayaguez-anasco-hormigueros-puma-pr",20507.468133985476,5.032739694494155
"79500US7200300","Cabo Rojo, San Germán & Lajas PUMA, PR",2017,"2017","true","true",22082.067045454547,"cabo-rojo-san-german-lajas-puma-pr",22567.049251618122,-2.149072307841932
"79500US7200400","Yauco, Sabana Grande & Peñuelas PUMA, PR",2017,"2017","true","true",20480.537404452614,"yauco-sabana-grande-penuelas-puma-pr",20052.930376670716,2.132391724051313
"79500US7200500","Ponce PUMA, PR",2017,"2017","true","true",23477.71540576316,"ponce-puma-pr",23107.011560117593,1.6042916007598176
"79500US7200600","Juana Díaz, Coamo & Villalba PUMA, PR",2017,"2017","true","true",23012.54034351356,"juana-diaz-coamo-villalba-puma-pr",22149.649909742355,3.895729446232326
"79500US7200700","Guayama, Salinas & Patillas PUMA, PR",2017,"2017","true","true",20950.4212537092,"guayama-salinas-patillas-puma-pr",21057.07315058205,-0.5064896536672968
"79500US7200800","Humacao, Fajardo & Islas Municipios PUMA, PR",2017,"2017","true","true",22674.105141388176,"humacao-fajardo-islas-municipios-puma-pr",23621.134842767297,-4.009247259638321
"79500US7200900","Río Grande, Canóvanas & Loíza PUMA, PR",2017,"2017","true","true",22118.881400353122,"rio-grande-canovanas-loiza-puma-pr",21534.331552533593,2.7145019402785
"79500US7201000","Carolina PUMA, PR",2017,"2017","true","true",29075.391237047694,"carolina-puma-pr",27538.94998207885,5.57915699752057
"79500US7201101","San Juan Norte PUMA, PR",2017,"2017","true","true",31633.054834675215,"san-juan-norte-puma-pr",29791.56556501164,6.181243700150797
"79500US7201102","San Juan Sur PUMA, PR",2017,"2017","true","true",36805.51517528304,"san-juan-sur-puma-pr",34727.77392196457,5.982938203834452
"79500US7201200","Guaynabo & Cataño PUMA, PR",2017,"2017","true","true",39649.82275267935,"guaynabo-catano-puma-pr",39935.437810945274,-0.715192004700259
"79500US7201300","Bayamón PUMA, PR",2017,"2017","true","true",26806.922207102125,"bayamon-puma-pr",25421.66698476318,5.449112456587596
"79500US7201400","Toa Baja & Dorado PUMA, PR",2017,"2017","true","true",27093.49742377563,"toa-baja-dorado-puma-pr",26166.4495032465,3.542887698287498
"79500US7201500","Toa Alta, Corozal & Naranjito PUMA, PR",2017,"2017","true","true",25234.09306783259,"toa-alta-corozal-naranjito-puma-pr",25328.27484055182,-0.3718444043746804
"79500US7201600","Vega Baja, Vega Alta & Morovis PUMA, PR",2017,"2017","true","true",24275.667422372724,"vega-baja-vega-alta-morovis-puma-pr",23921.06035472391,1.4824053047413719
"79500US7201700","Arecibo, Manatí & Barceloneta PUMA, PR",2017,"2017","true","true",22308.96022671748,"arecibo-manati-barceloneta-puma-pr",22064.348599244982,1.108628366580781
"79500US7201800","Isabela, Hatillo & Camuy PUMA, PR",2017,"2017","true","true",21623.971467323052,"isabela-hatillo-camuy-puma-pr",21426.368618359393,0.9222414328965725
"79500US7202000","Cayey, Cidra & Barranquitas PUMA, PR",2017,"2017","true","true",23694.88731211916,"cayey-cidra-barranquitas-puma-pr",23305.44460895775,1.6710374322218384
"79500US7202100","Caguas PUMA, PR",2017,"2017","true","true",28902.214258779164,"caguas-puma-pr",29186.613465702307,-0.9744166011495135
"79500US7202200","Trujillo Alto & Gurabo PUMA, PR",2017,"2017","true","true",25959.16875172575,"trujillo-alto-gurabo-puma-pr",25576.691199295274,1.4954145141378319
"79500US7202300","San Lorenzo, Juncos & Las Piedras PUMA, PR",2017,"2017","true","true",26818.750122645735,"san-lorenzo-juncos-las-piedras-puma-pr",26140.17620331319,2.595904151734597
"79500US7200100","Aguadilla, Aguada & Moca PUMA, PR",2016,"2016","true","true",18842.383768161224,"aguadilla-aguada-moca-puma-pr",19232.77654161504,-2.029830547914394
"79500US7200200","Mayagüez, Añasco & Hormigueros PUMA, PR",2016,"2016","true","true",20507.468133985476,"mayaguez-anasco-hormigueros-puma-pr",20385.82698020688,0.5966947227439023
"79500US7200300","Cabo Rojo, San Germán & Lajas PUMA, PR",2016,"2016","true","true",22567.049251618122,"cabo-rojo-san-german-lajas-puma-pr",22213.494841907825,1.5916199239539928
"79500US7200400","Yauco, Sabana Grande & Peñuelas PUMA, PR",2016,"2016","true","true",20052.930376670716,"yauco-sabana-grande-penuelas-puma-pr",19691.301162882683,1.8364922195679496
"79500US7200500","Ponce PUMA, PR",2016,"2016","true","true",23107.011560117593,"ponce-puma-pr",22858.05165430412,1.0891562832153938
"79500US7200600","Juana Díaz, Coamo & Villalba PUMA, PR",2016,"2016","true","true",22149.649909742355,"juana-diaz-coamo-villalba-puma-pr",21876.000611705826,1.2509110001126063
"79500US7200700","Guayama, Salinas & Patillas PUMA, PR",2016,"2016","true","true",21057.07315058205,"guayama-salinas-patillas-puma-pr",20613.34841545394,2.152608718316954
"79500US7200800","Humacao, Fajardo & Islas Municipios PUMA, PR",2016,"2016","true","true",23621.134842767297,"humacao-fajardo-islas-municipios-puma-pr",23635.446734294357,-0.060552659266196594
"79500US7200900","Río Grande, Canóvanas & Loíza PUMA, PR",2016,"2016","true","true",21534.331552533593,"rio-grande-canovanas-loiza-puma-pr",21818.351239000163,-1.3017467880840008
"79500US7201000","Carolina PUMA, PR",2016,"2016","true","true",27538.94998207885,"carolina-puma-pr",27646.439893363466,-0.3888020001823714
"79500US7201101","San Juan Norte PUMA, PR",2016,"2016","true","true",29791.56556501164,"san-juan-norte-puma-pr",28810.548775844345,3.405061100362685
"79500US7201102","San Juan Sur PUMA, PR",2016,"2016","true","true",34727.77392196457,"san-juan-sur-puma-pr",33927.59012115564,2.3585046799712677
"79500US7201200","Guaynabo & Cataño PUMA, PR",2016,"2016","true","true",39935.437810945274,"guaynabo-catano-puma-pr",38232.34194329533,4.454594673211247
"79500US7201300","Bayamón PUMA, PR",2016,"2016","true","true",25421.66698476318,"bayamon-puma-pr",25106.580001577164,1.2549976267823861
"79500US7201400","Toa Baja & Dorado PUMA, PR",2016,"2016","true","true",26166.4495032465,"toa-baja-dorado-puma-pr",25047.204623353864,4.468542085726633
"79500US7201500","Toa Alta, Corozal & Naranjito PUMA, PR",2016,"2016","true","true",25328.27484055182,"toa-alta-corozal-naranjito-puma-pr",25720.018732190405,-1.5231088892959812
"79500US7201600","Vega Baja, Vega Alta & Morovis PUMA, PR",2016,"2016","true","true",23921.06035472391,"vega-baja-vega-alta-morovis-puma-pr",24152.05610250264,-0.9564227028886065
"79500US7201700","Arecibo, Manatí & Barceloneta PUMA, PR",2016,"2016","true","true",22064.348599244982,"arecibo-manati-barceloneta-puma-pr",22493.834277010694,-1.9093484573444084
"79500US7201800","Isabela, Hatillo & Camuy PUMA, PR",2016,"2016","true","true",21426.368618359393,"isabela-hatillo-camuy-puma-pr",21084.74377632463,1.6202465899460505
"79500US7202000","Cayey, Cidra & Barranquitas PUMA, PR",2016,"2016","true","true",23305.44460895775,"cayey-cidra-barranquitas-puma-pr",23318.267879468272,-0.05499238012362344
"79500US7202100","Caguas PUMA, PR",2016,"2016","true","true",29186.613465702307,"caguas-puma-pr",28930.30330770445,0.885957382719867
"79500US7202200","Trujillo Alto & Gurabo PUMA, PR",2016,"2016","true","true",25576.691199295274,"trujillo-alto-gurabo-puma-pr",25640.96575883576,-0.25067136762715814
"79500US7202300","San Lorenzo, Juncos & Las Piedras PUMA, PR",2016,"2016","true","true",26140.17620331319,"san-lorenzo-juncos-las-piedras-puma-pr",25926.48865611961,0.8242055066841457
"79500US7200100","Aguadilla, Aguada & Moca PUMA, PR",2015,"2015","true","true",19232.77654161504,"aguadilla-aguada-moca-puma-pr",20011.535180498202,-3.8915487085772624
"79500US7200200","Mayagüez, Añasco & Hormigueros PUMA, PR",2015,"2015","true","true",20385.82698020688,"mayaguez-anasco-hormigueros-puma-pr",21047.00347062365,-3.1414281436291347
"79500US7200300","Cabo Rojo, San Germán & Lajas PUMA, PR",2015,"2015","true","true",22213.494841907825,"cabo-rojo-san-german-lajas-puma-pr",22558.25334525702,-1.5283031805371716
"79500US7200400","Yauco, Sabana Grande & Peñuelas PUMA, PR",2015,"2015","true","true",19691.301162882683,"yauco-sabana-grande-penuelas-puma-pr",19496.890364277322,0.9971374664011277
"79500US7200500","Ponce PUMA, PR",2015,"2015","true","true",22858.05165430412,"ponce-puma-pr",23156.23180021213,-1.2876885517499324
"79500US7200600","Juana Díaz, Coamo & Villalba PUMA, PR",2015,"2015","true","true",21876.000611705826,"juana-diaz-coamo-villalba-puma-pr",21188.253668530928,3.245887810925865
"79500US7200700","Guayama, Salinas & Patillas PUMA, PR",2015,"2015","true","true",20613.34841545394,"guayama-salinas-patillas-puma-pr",21461.28843710292,-3.9510210402048225
"79500US7200800","Humacao, Fajardo & Islas Municipios PUMA, PR",2015,"2015","true","true",23635.446734294357,"humacao-fajardo-islas-municipios-puma-pr",25440.53673102372,-7.095329850207631
"79500US7200900","Río Grande, Canóvanas & Loíza PUMA, PR",2015,"2015","true","true",21818.351239000163,"rio-grande-canovanas-loiza-puma-pr",22121.547425838347,-1.3705921245095436
"79500US7201000","Carolina PUMA, PR",2015,"2015","true","true",27646.439893363466,"carolina-puma-pr",27342.66576559514,1.1109894345070097
"79500US7201101","San Juan Norte PUMA, PR",2015,"2015","true","true",28810.548775844345,"san-juan-norte-puma-pr",29195.38724097367,-1.318148178521948
"79500US7201102","San Juan Sur PUMA, PR",2015,"2015","true","true",33927.59012115564,"san-juan-sur-puma-pr",34234.67365152109,-0.8969956410021209
"79500US7201200","Guaynabo & Cataño PUMA, PR",2015,"2015","true","true",38232.34194329533,"guaynabo-catano-puma-pr",36834.69178496288,3.794385375861937
"79500US7201300","Bayamón PUMA, PR",2015,"2015","true","true",25106.580001577164,"bayamon-puma-pr",25564.042844955606,-1.7894776900231577
"79500US7201400","Toa Baja & Dorado PUMA, PR",2015,"2015","true","true",25047.204623353864,"toa-baja-dorado-puma-pr",25426.847278238754,-1.4930779688514617
"79500US7201500","Toa Alta, Corozal & Naranjito PUMA, PR",2015,"2015","true","true",25720.018732190405,"toa-alta-corozal-naranjito-puma-pr",25292.07208029197,1.6920189478342391
"79500US7201600","Vega Baja, Vega Alta & Morovis PUMA, PR",2015,"2015","true","true",24152.05610250264,"vega-baja-vega-alta-morovis-puma-pr",24818.649096256533,-2.685855266209623
"79500US7201700","Arecibo, Manatí & Barceloneta PUMA, PR",2015,"2015","true","true",22493.834277010694,"arecibo-manati-barceloneta-puma-pr",23431.159987050825,-4.000338483276724
"79500US7201800","Isabela, Hatillo & Camuy PUMA, PR",2015,"2015","true","true",21084.74377632463,"isabela-hatillo-camuy-puma-pr",21106.06849494602,-0.10103595857511213
"79500US7202000","Cayey, Cidra & Barranquitas PUMA, PR",2015,"2015","true","true",23318.267879468272,"cayey-cidra-barranquitas-puma-pr",23599.797022558676,-1.1929303579233932
"79500US7202100","Caguas PUMA, PR",2015,"2015","true","true",28930.30330770445,"caguas-puma-pr",28444.459191135735,1.7080448367959133
"79500US7202200","Trujillo Alto & Gurabo PUMA, PR",2015,"2015","true","true",25640.96575883576,"trujillo-alto-gurabo-puma-pr",26246.627362736275,-2.3075787815710234
"79500US7202300","San Lorenzo, Juncos & Las Piedras PUMA, PR",2015,"2015","true","true",25926.48865611961,"san-lorenzo-juncos-las-piedras-puma-pr",25103.47084029182,3.2785020886706393
"79500US7200100","Aguadilla, Aguada & Moca PUMA, PR",2014,"2014","true","true",20011.535180498202,"aguadilla-aguada-moca-puma-pr",,NaN
"79500US7200200","Mayagüez, Añasco & Hormigueros PUMA, PR",2014,"2014","true","true",21047.00347062365,"mayaguez-anasco-hormigueros-puma-pr",,NaN
"79500US7200300","Cabo Rojo, San Germán & Lajas PUMA, PR",2014,"2014","true","true",22558.25334525702,"cabo-rojo-san-german-lajas-puma-pr",,NaN
"79500US7200400","Yauco, Sabana Grande & Peñuelas PUMA, PR",2014,"2014","true","true",19496.890364277322,"yauco-sabana-grande-penuelas-puma-pr",,NaN
"79500US7200500","Ponce PUMA, PR",2014,"2014","true","true",23156.23180021213,"ponce-puma-pr",,NaN
"79500US7200600","Juana Díaz, Coamo & Villalba PUMA, PR",2014,"2014","true","true",21188.253668530928,"juana-diaz-coamo-villalba-puma-pr",,NaN
"79500US7200700","Guayama, Salinas & Patillas PUMA, PR",2014,"2014","true","true",21461.28843710292,"guayama-salinas-patillas-puma-pr",,NaN
"79500US7200800","Humacao, Fajardo & Islas Municipios PUMA, PR",2014,"2014","true","true",25440.53673102372,"humacao-fajardo-islas-municipios-puma-pr",,NaN
"79500US7200900","Río Grande, Canóvanas & Loíza PUMA, PR",2014,"2014","true","true",22121.547425838347,"rio-grande-canovanas-loiza-puma-pr",,NaN
"79500US7201000","Carolina PUMA, PR",2014,"2014","true","true",27342.66576559514,"carolina-puma-pr",,NaN
"79500US7201101","San Juan Norte PUMA, PR",2014,"2014","true","true",29195.38724097367,"san-juan-norte-puma-pr",,NaN
"79500US7201102","San Juan Sur PUMA, PR",2014,"2014","true","true",34234.67365152109,"san-juan-sur-puma-pr",,NaN
"79500US7201200","Guaynabo & Cataño PUMA, PR",2014,"2014","true","true",36834.69178496288,"guaynabo-catano-puma-pr",,NaN
"79500US7201300","Bayamón PUMA, PR",2014,"2014","true","true",25564.042844955606,"bayamon-puma-pr",,NaN
"79500US7201400","Toa Baja & Dorado PUMA, PR",2014,"2014","true","true",25426.847278238754,"toa-baja-dorado-puma-pr",,NaN
"79500US7201500","Toa Alta, Corozal & Naranjito PUMA, PR",2014,"2014","true","true",25292.07208029197,"toa-alta-corozal-naranjito-puma-pr",,NaN
"79500US7201600","Vega Baja, Vega Alta & Morovis PUMA, PR",2014,"2014","true","true",24818.649096256533,"vega-baja-vega-alta-morovis-puma-pr",,NaN
"79500US7201700","Arecibo, Manatí & Barceloneta PUMA, PR",2014,"2014","true","true",23431.159987050825,"arecibo-manati-barceloneta-puma-pr",,NaN
"79500US7201800","Isabela, Hatillo & Camuy PUMA, PR",2014,"2014","true","true",21106.06849494602,"isabela-hatillo-camuy-puma-pr",,NaN
"79500US7202000","Cayey, Cidra & Barranquitas PUMA, PR",2014,"2014","true","true",23599.797022558676,"cayey-cidra-barranquitas-puma-pr",,NaN
"79500US7202100","Caguas PUMA, PR",2014,"2014","true","true",28444.459191135735,"caguas-puma-pr",,NaN
"79500US7202200","Trujillo Alto & Gurabo PUMA, PR",2014,"2014","true","true",26246.627362736275,"trujillo-alto-gurabo-puma-pr",,NaN
"79500US7202300","San Lorenzo, Juncos & Las Piedras PUMA, PR",2014,"2014","true","true",25103.47084029182,"san-lorenzo-juncos-las-piedras-puma-pr",,NaN